{
    "5_5_0.1": [
        0.05,
        0.05,
        0.1,
        0.7853981633974483,
        2.857867240156835,
        -2.338103568299805,
        -0.34523074665759723,
        434,
        123,
        495,
        114,
        508,
        195,
        444,
        203,
        471,
        159,
        103.24727599312246,
        null,
        640,
        480
    ],
    "5_10_0.1": [
        0.05,
        0.1,
        0.1,
        1.1071487177940904,
        2.3455466255669717,
        -2.198879942811102,
        0.027866242443563144,
        null,
        null,
        null,
        null,
        null,
        null,
        null,
        null,
        null,
        null,
        null,
        null,
        640,
        480
    ],
    "5_15_0.1": [
        0.05,
        0.15,
        0.1,
        1.2490457723982544,
        1.82099042897998,
        -1.8799385048538164,
        0.23348100107326927,
        null,
        null,
        null,
        null,
        null,
        null,
        null,
        null,
        null,
        null,
        null,
        null,
        640,
        480
    ],
    "5_20_0.1": [
        0.05,
        0.2,
        0.1,
        1.3258176636680326,
        1.3355938964863192,
        -1.3974527699100763,
        0.23639179862319,
        null,
        null,
        null,
        null,
        null,
        null,
        null,
        null,
        null,
        null,
        null,
        null,
        640,
        480
    ],
    "10_5_0.1": [
        0.1,
        0.05,
        0.1,
        0.4636476090008061,
        2.3455466255669717,
        -2.198879942811102,
        0.027866242443563144,
        null,
        null,
        null,
        null,
        null,
        null,
        null,
        null,
        null,
        null,
        null,
        null,
        640,
        480
    ],
    "10_10_0.1": [
        0.1,
        0.1,
        0.1,
        0.7853981633974483,
        2.0004984101372774,
        -2.0112073315081638,
        0.18524184657031936,
        null,
        null,
        null,
        null,
        null,
        null,
        null,
        null,
        null,
        null,
        null,
        null,
        640,
        480
    ],
    "10_15_0.1": [
        0.1,
        0.15,
        0.1,
        0.982793723247329,
        1.594546420073082,
        -1.6784406729627006,
        0.2584271780890517,
        null,
        null,
        null,
        null,
        null,
        null,
        null,
        null,
        null,
        null,
        null,
        null,
        640,
        480
    ],
    "10_20_0.1": [
        0.1,
        0.2,
        0.1,
        1.1071487177940904,
        1.153468228205816,
        -1.1682785132151454,
        0.1893432102087624,
        null,
        null,
        null,
        null,
        null,
        null,
        null,
        null,
        null,
        null,
        null,
        null,
        640,
        480
    ],
    "15_5_0.1": [
        0.15,
        0.05,
        0.1,
        0.32175055439664224,
        1.82099042897998,
        -1.8799385048538164,
        0.23348100107326927,
        null,
        null,
        null,
        null,
        null,
        null,
        null,
        null,
        null,
        null,
        null,
        null,
        640,
        480
    ],
    "15_10_0.1": [
        0.15,
        0.1,
        0.1,
        0.5880026035475676,
        1.594546420073082,
        -1.6784406729627006,
        0.2584271780890517,
        null,
        null,
        null,
        null,
        null,
        null,
        null,
        null,
        null,
        null,
        null,
        null,
        640,
        480
    ],
    "15_15_0.1": [
        0.15,
        0.15,
        0.1,
        0.7853981633974483,
        1.2745637803309158,
        -1.3234800373059352,
        0.2234491821744524,
        null,
        null,
        null,
        null,
        null,
        null,
        null,
        null,
        null,
        null,
        null,
        null,
        640,
        480
    ],
    "15_20_0.1": [
        0.15,
        0.2,
        0.1,
        0.9272952180016123,
        0.8233099780448521,
        -0.6919558527496558,
        0.04317879990423665,
        null,
        null,
        null,
        null,
        null,
        null,
        null,
        null,
        null,
        null,
        null,
        null,
        640,
        480
    ],
    "20_5_0.1": [
        0.2,
        0.05,
        0.1,
        0.24497866312686414,
        1.3355938964863192,
        -1.3974527699100763,
        0.23639179862319,
        null,
        null,
        null,
        null,
        null,
        null,
        null,
        null,
        null,
        null,
        null,
        null,
        640,
        480
    ],
    "20_10_0.1": [
        0.2,
        0.1,
        0.1,
        0.4636476090008061,
        1.153468228205816,
        -1.1682785132151454,
        0.1893432102087624,
        null,
        null,
        null,
        null,
        null,
        null,
        null,
        null,
        null,
        null,
        null,
        null,
        640,
        480
    ],
    "20_15_0.1": [
        0.2,
        0.15,
        0.1,
        0.6435011087932844,
        0.8233099780448521,
        -0.6919558527496558,
        0.04317879990423665,
        null,
        null,
        null,
        null,
        null,
        null,
        null,
        null,
        null,
        null,
        null,
        null,
        640,
        480
    ],
    "20_20_0.1": [
        0.2,
        0.2,
        0.1,
        0.7853981633974483,
        0.3808122880958493,
        -0.0,
        -0.20627936289641638,
        null,
        null,
        null,
        null,
        null,
        null,
        null,
        null,
        null,
        null,
        null,
        null,
        640,
        480
    ]
}